Rank,Tier,WSID,Overall,Team,Pos,Bye,Best,Worst,Avg,Std Dev,ADP,vs. ADP
1,1,,Saquon Barkley,NYG,RB1,11,1,4,1.5,0.8,1,0
2,1,,Christian McCaffrey,CAR,RB2,7,1,6,2.3,0.8,2,0
3,1,,Alvin Kamara,NO,RB3,9,1,7,2.6,1,3,0
4,1,,David Johnson,ARI,RB4,12,2,44,6.8,3.7,6,2
5,1,,DeAndre Hopkins,HOU,WR1,10,4,17,6.8,2,5,0
6,1,,Ezekiel Elliott,DAL,RB5,8,1,82,7.8,8.5,4,-2
7,1,,Davante Adams,GB,WR2,11,4,17,8.2,2.7,7,0
8,2,,Julio Jones,ATL,WR3,9,6,19,10.5,2.7,10,2
9,2,,James Conner,PIT,RB6,7,2,55,10.8,5.3,9,0
10,2,,Nick Chubb,CLE,RB7,7,1,28,11.3,5.2,18,8
11,2,,Odell Beckham Jr.,CLE,WR4,7,5,21,12.4,3.7,12,1
12,2,,Michael Thomas,NO,WR5,9,5,25,13,3.5,11,-1
13,2,,Le'Veon Bell,NYJ,RB8,4,2,52,13,6.8,8,-5
14,2,,Travis Kelce,KC,TE1,12,6,22,14.1,2.7,14,0
15,2,,JuJu Smith-Schuster,PIT,WR6,7,3,32,14.1,4.2,15,0
16,2,,Dalvin Cook,MIN,RB9,12,4,44,15.8,5.6,19,3
17,2,,Tyreek Hill,KC,WR7,12,6,29,16.5,4.3,16,-1
18,2,,Joe Mixon,CIN,RB10,9,6,44,16.8,5.7,17,-1
19,3,,Todd Gurley,LAR,RB11,9,4,52,19.3,9.6,13,-6
20,3,,Mike Evans,TB,WR8,7,12,36,20.9,3.7,22,2
21,3,,George Kittle,SF,TE2,4,16,62,24.2,7.2,29,8
22,3,,Keenan Allen,LAC,WR9,12,16,36,25.1,3.2,24,2
23,3,,Antonio Brown,OAK,WR10,6,14,42,25.9,4.9,20,-3
24,3,,Zach Ertz,PHI,TE3,10,18,55,29.3,9.7,27,3
25,3,,Kerryon Johnson,DET,RB12,5,10,65,29.5,9.4,28,3
26,3,,Adam Thielen,MIN,WR11,12,21,58,29.6,4.2,23,-3
27,3,,Damien Williams,KC,RB13,12,9,78,30.8,13.4,25,-2
28,3,,Amari Cooper,DAL,WR12,8,22,52,30.8,5,33,5
29,3,,Stefon Diggs,MIN,WR13,12,21,46,31,4.3,34,5
30,3,,Aaron Jones,GB,RB14,11,6,81,31.7,11.5,31,1
31,3,,Leonard Fournette,JAC,RB15,10,17,89,33.2,9.3,26,-5
32,3,,Brandin Cooks,LAR,WR14,9,20,63,33.8,5,39,7
33,4,,Patrick Mahomes,KC,QB1,12,9,72,34.2,12.5,21,-12
34,4,,Devonta Freeman,ATL,RB16,9,7,59,34.9,10,30,-4
35,4,,Robert Woods,LAR,WR15,9,25,57,36.2,6,41,6
36,4,,Julian Edelman,NE,WR16,10,21,67,36.8,7.1,38,2
37,4,,Chris Godwin,TB,WR17,7,25,69,37.9,6.2,50,13
38,4,,Chris Carson,SEA,RB17,11,15,75,38.1,12.1,42,4
39,4,,Kenny Golladay,DET,WR18,5,30,92,41.9,8.2,43,4
40,4,,Tyler Lockett,SEA,WR19,11,29,86,43.4,10,48,8
41,4,,Josh Jacobs,OAK,RB18,6,19,187,43.7,11.2,32,-9
42,4,,Derrick Henry,TEN,RB19,11,13,92,44.3,11.3,37,-5
43,4,,Cooper Kupp,LAR,WR20,9,28,85,46.7,9.1,49,6
44,4,,Sony Michel,NE,RB20,10,23,74,48.7,11.1,47,3
45,4,,Melvin Gordon,LAC,RB21,12,5,141,48.7,24.4,36,-9
46,4,,Tyler Boyd,CIN,WR21,9,30,128,49.6,10.1,54,8
47,4,,David Montgomery,CHI,RB22,6,9,257,50,16.5,45,-2
48,4,,Marlon Mack,IND,RB23,6,36,85,50.1,12.3,40,-8
49,4,,Mark Ingram,BAL,RB24,8,19,86,51.9,12.2,46,-3
50,4,,Deshaun Watson,HOU,QB2,10,20,84,52,11,44,-6
51,5,,Calvin Ridley,ATL,WR22,9,31,98,53.9,9.3,55,4
52,5,,T.Y. Hilton,IND,WR23,6,46,67,54.3,6.1,35,-17
53,5,,Alshon Jeffery,PHI,WR24,10,34,79,54.7,9.7,62,9
54,5,,D.J. Moore,CAR,WR25,7,34,137,55.4,13.5,60,6
55,5,,Allen Robinson,CHI,WR26,6,33,107,56.2,13.4,67,12
56,5,,O.J. Howard,TB,TE4,7,19,83,56.3,9.5,56,0
57,5,,Mike Williams,LAC,WR27,12,35,90,56.9,11.6,58,1
58,5,,Aaron Rodgers,GB,QB3,11,21,99,57.9,11.6,53,-5
59,5,,Evan Engram,NYG,TE5,11,17,113,62.7,13.4,57,-2
60,5,,Phillip Lindsay,DEN,RB25,10,37,124,64.2,15,52,-8
61,5,,Duke Johnson,HOU,RB26,10,39,108,64.5,14.9,76,15
62,5,,Hunter Henry,LAC,TE6,12,22,106,65,10.9,66,4
63,5,,Robby Anderson,NYJ,WR28,4,35,119,65.3,13.6,70,7
64,5,,Jarvis Landry,CLE,WR29,7,30,124,67.3,13.8,65,1
65,5,,Baker Mayfield,CLE,QB4,7,32,116,68.2,14.6,63,-2
66,5,,James White,NE,RB27,10,27,119,69,14.1,51,-15
67,5,,Tevin Coleman,SF,RB28,4,42,112,69.4,16,64,-3
68,5,,Matt Ryan,ATL,QB5,9,41,156,70.3,18.1,71,3
69,5,,A.J. Green,CIN,WR30,9,42,119,70.9,17.7,59,-10
70,5,,Josh Gordon,NE,WR31,10,35,156,71,21.4,69,-1
71,5,,Christian Kirk,ARI,WR32,12,50,141,78.1,13.7,85,14
72,5,,Sammy Watkins,KC,WR33,12,40,149,78.4,17.8,79,7
73,6,,Will Fuller,HOU,WR34,10,49,170,78.9,16.7,77,4
74,6,,Curtis Samuel,CAR,WR35,7,45,184,79.6,17.4,97,23
75,6,,Corey Davis,TEN,WR36,11,39,138,80.3,16.8,86,11
76,6,,Miles Sanders,PHI,RB29,10,43,280,81.7,32,75,-1
77,6,,Tarik Cohen,CHI,RB30,6,28,149,83.2,16.9,61,-16
78,6,,Carson Wentz,PHI,QB6,10,50,182,83.4,21,78,0
79,6,,Jared Cook,NO,TE7,9,13,125,80.7,13.8,72,-7
80,6,,Marvin Jones,DET,WR37,5,53,160,84.6,15.7,99,19
81,6,,Latavius Murray,NO,RB31,9,28,168,84.8,18.2,87,6
82,6,,Dede Westbrook,JAC,WR38,10,31,155,81.5,18.7,81,-1
83,6,,Cam Newton,CAR,QB7,7,35,150,85.3,17.6,94,11
84,6,,Kenyan Drake,MIA,RB32,5,19,235,87.1,24.2,73,-11
85,6,,Sterling Shepard,NYG,WR39,11,62,148,87.5,14.8,82,-3
86,6,,Austin Ekeler,LAC,RB33,12,51,176,87.8,20.2,68,-18
87,6,,Russell Wilson,SEA,QB8,11,38,133,86.4,18.5,91,4
88,6,,Vance McDonald,PIT,TE8,7,57,152,88.3,17.6,80,-8
89,6,,David Njoku,CLE,TE9,7,53,142,89,16.3,88,-1
90,6,,Derrius Guice,WAS,RB34,10,31,170,92.9,20.5,74,-16
91,6,,Dante Pettis,SF,WR40,4,42,170,93.3,20.5,103,12
92,6,,Larry Fitzgerald,ARI,WR41,12,49,142,94.4,16.1,95,3
93,6,,Drew Brees,NO,QB9,9,21,148,97.2,20.6,84,-9
94,6,,Jared Goff,LAR,QB10,9,56,187,97.3,19.3,96,2
95,6,,Rashaad Penny,SEA,RB35,11,60,162,100.4,18.6,93,-2
96,6,,Jameis Winston,TB,QB11,7,43,150,101.3,16.1,115,19
97,6,,Courtland Sutton,DEN,WR42,10,62,158,102.2,19.2,100,3
98,6,,Royce Freeman,DEN,RB36,10,65,193,102.5,18.1,101,3
99,6,,Geronimo Allison,GB,WR43,11,70,167,105.5,20.3,108,9
100,6,,Austin Hooper,ATL,TE10,9,63,176,103.5,19.4,106,6
101,6,,Kyler Murray,ARI,QB12,12,48,202,105.2,22.4,109,8
102,6,,Lamar Jackson,BAL,QB13,8,49,197,110.6,23.7,118,16
103,6,,Jordan Howard,PHI,RB37,10,60,192,110.9,24.7,90,-13
104,6,,Matt Breida,SF,RB38,4,54,214,107.8,27.7,105,1
105,6,,Dak Prescott,DAL,QB14,8,68,167,114.7,20,131,26
106,7,,Marquez Valdes-Scantling,GB,WR44,11,60,219,112.3,25.4,107,1
107,7,,Ben Roethlisberger,PIT,QB15,7,61,183,112.5,22.2,110,3
108,7,,Emmanuel Sanders,DEN,WR45,10,48,221,107.1,28.9,92,-16
109,7,,Anthony Miller,CHI,WR46,6,74,198,114.7,23.2,132,23
110,7,,Delanie Walker,TEN,TE11,11,70,284,115.2,24.2,111,1
111,7,,Keke Coutee,HOU,WR47,10,73,171,117.3,20.2,143,32
112,7,,DeSean Jackson,PHI,WR48,10,73,190,117.6,22.9,120,8
113,7,,Trey Burton,CHI,TE12,6,75,223,122.5,22.8,138,25
114,7,,Donte Moncrief,PIT,WR49,7,63,219,123.1,29.5,123,9
115,7,,Darrell Henderson,LAR,RB39,9,37,294,123.4,33.7,98,-17
116,7,,Philip Rivers,LAC,QB16,12,71,235,122.5,23.2,124,8
117,7,,LeSean McCoy,BUF,RB40,6,66,235,119.4,26.7,102,-15
118,7,,Michael Gallup,DAL,WR50,8,76,223,117.1,23.8,122,4
119,7,,Kalen Ballage,MIA,RB41,5,67,217,120.6,26.4,136,17
120,7,,John Brown,BUF,WR51,6,48,198,130.8,21.6,152,32
121,7,,Peyton Barber,TB,RB42,7,71,224,127.9,27.9,112,-9
122,7,,Tom Brady,NE,QB17,10,70,273,131.3,26,117,-5
123,7,,Tyrell Williams,OAK,WR52,6,64,235,130.7,30.9,133,10
124,7,,Dion Lewis,TEN,RB43,11,85,257,132.9,26.8,127,3
125,7,,Mark Andrews,BAL,TE13,8,67,322,133.6,36.9,153,28
126,7,,Kirk Cousins,MIN,QB18,12,67,272,134,28.9,139,13
127,7,,Jamison Crowder,NYJ,WR53,4,90,208,130.8,27.2,142,15
128,7,,Mitch Trubisky,CHI,QB19,6,76,241,134.4,27.3,148,20
129,7,,Eric Ebron,IND,TE14,6,121,216,140.7,18.9,83,-46
130,7,,Golden Tate,NYG,WR54,11,79,220,130,26.3,141,11
131,7,,Adrian Peterson,WAS,RB44,10,80,208,133.5,25.9,126,-5
132,7,,James Washington,PIT,WR55,7,74,263,144,36.5,114,-18
133,7,,Josh Allen,BUF,QB20,6,68,254,140,30.9,170,37
134,7,,Kyle Rudolph,MIN,TE15,12,86,240,140.6,23.7,140,6
135,7,,Jordan Reed,WAS,TE16,10,75,284,144.2,31.8,157,22
136,7,,Greg Olsen,CAR,TE17,7,78,314,145.5,33.4,144,8
137,7,,Jaylen Samuels,PIT,RB45,7,57,285,153.3,36.5,116,-21
138,8,,Kenny Stills,MIA,WR56,5,58,231,148.9,27.3,188,50
139,8,,Jimmy Graham,GB,TE18,11,63,324,149.2,36.1,158,19
140,8,,Devin Singletary,BUF,RB46,6,41,317,155,39.9,129,-11
141,8,,Jimmy Garoppolo,SF,QB21,4,81,276,153.4,29.1,166,25
142,8,,Ronald Jones II,TB,RB47,7,86,258,143.7,38.7,134,-8
143,8,,Justin Jackson,LAC,RB48,12,78,299,156.8,41.2,149,6
144,8,,DaeSean Hamilton,DEN,WR57,10,98,210,152.5,26.5,214,70
145,8,,Jacoby Brissett,IND,QB22,6,106,247,177.1,31.2,251,106
146,8,,Justice Hill,BAL,RB49,8,85,312,157.4,44.6,159,13
147,8,,D.K. Metcalf,SEA,WR58,11,86,285,164.3,34.6,137,-10
148,8,,T.J. Hockenson,DET,TE19,5,75,287,161.8,39,160,12
149,8,,Darwin Thompson,KC,RB50,12,51,332,149.6,56,121,-28
150,8,,Chicago (CHI),,DST1,6,78,299,145,26.5,89,-61
151,8,,Chris Herndon IV,NYJ,TE20,4,104,274,165.4,35,217,66
152,8,,Sam Darnold,NYJ,QB23,4,96,390,160.6,36.7,185,33
153,8,,Mohamed Sanu,ATL,WR59,9,86,262,163.9,32.1,171,18
154,8,,Tony Pollard,DAL,RB51,8,80,333,157.1,53.7,154,0
155,8,,Damien Harris,NE,RB52,10,75,314,169.1,45.4,155,0
156,8,,Tre'Quan Smith,NO,WR60,9,73,239,170.1,25.5,187,31
157,8,,Dallas Goedert,PHI,TE21,10,102,268,170.4,36.6,195,38
158,8,,Marquise Goodwin,SF,WR61,4,109,359,167.9,40.8,192,34
159,8,,Adam Humphries,TEN,WR62,11,90,374,171.4,38.7,179,20
160,8,,Nyheim Hines,IND,RB53,6,161,255,187.9,23.7,130,-30
161,8,,Deebo Samuel,SF,WR63,4,93,260,174.5,37.3,178,17
162,8,,Jacksonville (JAC),,DST2,10,105,307,155.9,29.8,125,-37
163,8,,Ito Smith,ATL,RB54,9,86,295,165.9,38,151,-12
164,8,,Matthew Stafford,DET,QB24,5,105,294,172.5,32,180,16
165,8,,Noah Fant,DEN,TE22,10,72,295,176.6,37,186,21
166,8,,Los Angeles (LAR),,DST3,9,100,298,158.7,24.7,113,-53
167,8,,N'Keal Harry,NE,WR64,10,76,338,172.7,48.9,163,-4
168,8,,Albert Wilson,MIA,WR65,5,100,276,172.9,34.8,213,45
169,8,,Devin Funchess,IND,WR66,6,162,266,192.7,25.6,162,-7
170,8,,Chris Thompson,WAS,RB55,10,115,390,175.5,38,190,20
171,8,,Baltimore (BAL),,DST4,8,119,303,166.8,31.2,147,-24
172,8,,Kareem Hunt,CLE,RB56,7,96,279,177.6,39,104,-68
173,8,,Derek Carr,OAK,QB25,6,112,389,178.1,40,175,2
174,8,,Greg Zuerlein,LAR,K1,9,113,326,173.4,27,119,-55
175,8,,Devante Parker,MIA,WR67,5,84,277,179.9,30.1,238,63
176,8,,Minnesota (MIN),,DST5,12,121,305,165.3,25.7,135,-41
177,8,,Quincy Enunwa,NYJ,WR68,4,106,265,182.1,32.8,281,104
178,8,,Los Angeles (LAC),,DST6,12,108,308,166.7,26.5,146,-32
179,8,,C.J. Anderson,DET,RB57,5,117,275,178.3,29.8,181,2
180,8,,Alexander Mattison,MIN,RB58,12,85,264,183.5,38.5,161,-19
181,8,,Houston (HOU),,DST7,10,132,306,175.3,28.5,169,-12
182,8,,Tyler Eifert,CIN,TE23,9,113,323,197.2,41.7,208,26
183,8,,Justin Tucker,BAL,K2,8,117,329,179.8,26.1,128,-55
184,8,,Giovani Bernard,CIN,RB59,9,121,298,186.7,33.1,207,23
185,9,,Harrison Butker,KC,K3,12,120,327,180.7,23.8,145,-40
186,9,,Cleveland (CLE),,DST8,7,119,302,178.6,26.9,150,-36
187,9,,Jack Doyle,IND,TE24,6,193,290,221.9,33.4,182,-5
188,9,,Andy Dalton,CIN,QB26,9,94,402,191,40.4,219,31
189,9,,Stephen Gostkowski,NE,K4,10,128,331,188.3,24.5,164,-25
190,9,,Zay Jones,BUF,WR69,6,105,286,195.2,36.9,246,56
191,9,,Nick Foles,JAC,QB27,10,104,412,200.1,43.5,198,7
192,9,,Darren Waller,OAK,TE25,6,108,280,178.6,44.3,199,7
193,9,,Mike Davis,CHI,RB60,6,112,276,189.8,32.9,235,42
194,9,,Marquise Brown,BAL,WR70,8,64,310,200.7,38,191,-3
195,9,,New Orleans (NO),,DST9,9,137,304,190.7,25.8,177,-18
196,9,,Wil Lutz,NO,K5,9,127,328,195.2,24.8,156,-40
197,9,,Jamaal Williams,GB,RB61,11,123,289,185.4,34.1,232,35
198,9,,Mecole Hardman,KC,WR71,12,104,317,198.6,41.4,165,-33
199,9,,Jalen Richard,OAK,RB62,6,93,330,197,41.8,201,2
200,9,,Denver (DEN),,DST10,10,144,310,194.5,24,167,-33
201,9,,Robert Foster,BUF,WR72,6,88,330,193.4,50.7,266,65
202,9,,New England (NE),,DST11,10,136,301,198.2,24.6,174,-28
203,9,,Mike Gesicki,MIA,TE26,5,124,345,201.9,39.4,262,59
204,9,,Trey Quinn,WAS,WR73,10,114,325,202.1,44.3,291,87
205,9,,Taylor Gabriel,CHI,WR74,6,121,290,208.3,32.9,253,48
206,9,,Parris Campbell,IND,WR75,6,191,282,214,17.5,224,18
207,9,,Marcus Mariota,TEN,QB28,11,96,408,213.5,44.9,204,-3
208,9,,Malcolm Brown,LAR,RB63,9,107,327,202.6,47.1,241,33
209,9,,Buffalo (BUF),,DST12,6,148,317,200.1,25.4,210,1
210,9,,Chase Edmonds,ARI,RB64,12,120,293,208.1,42.2,259,49
211,9,,Randall Cobb,DAL,WR76,8,108,318,211.3,32.8,206,-5
212,9,,Carlos Hyde,KC,RB65,12,83,405,195.4,60.2,168,-44
213,9,,Ka'imi Fairbairn,HOU,K6,10,135,334,202.9,28,176,-37
214,9,,Marqise Lee,JAC,WR77,10,116,309,215.7,35.8,252,38
215,9,,Dallas (DAL),,DST13,8,138,320,207.6,28.6,173,-42
216,9,,Ted Ginn,NO,WR78,9,139,375,217.6,40.6,215,-1
217,9,,Mason Crosby,GB,K7,11,148,335,212.5,22.7,205,-12
218,9,,Gerald Everett,LAR,TE27,9,127,278,212.9,33.7,272,54
219,9,,Philadelphia (PHI),,DST14,10,149,306,213,26.5,172,-47
220,9,,Jake Elliott,PHI,K8,10,149,332,214.9,22.4,203,-17
221,9,,A.J. Brown,TEN,WR79,11,106,282,208.7,32,243,22
222,9,,Robbie Gould,SF,K9,4,151,333,222.5,27.3,183,-39
223,9,,Michael Badgley,LAC,K10,12,166,337,223.3,25.8,209,-14
224,9,,Nelson Agholor,PHI,WR80,10,122,286,217.6,29,245,21
225,9,,Andy Isabella,ARI,WR81,12,107,319,216.5,37,248,23
226,9,,Cole Beasley,BUF,WR82,6,122,330,217.5,49.7,196,-30
227,9,,Jerick McKinnon,SF,RB66,4,93,313,210.3,56.1,184,-43
228,9,,Matt Prater,DET,K11,5,146,346,223.2,27.6,200,-28
229,9,,David Moore,SEA,WR83,11,134,329,213.8,35.2,270,41
230,9,,Brett Maher,DAL,K12,8,150,338,220.8,24.1,193,-37
231,9,,Rashard Higgins,CLE,WR84,7,94,315,216.4,46.8,264,33
232,9,,Joe Flacco,DEN,QB29,10,123,419,242.4,45.3,225,-7
233,9,,Pittsburgh (PIT),,DST15,7,109,341,226.9,28.5,202,-31
234,9,,Paul Richardson,WAS,WR85,10,143,363,225,36.7,297,63
235,9,,D.J. Chark,JAC,WR86,10,94,302,225.3,33.7,308,73
236,9,,Seattle (SEA),,DST16,11,161,319,226.4,28.2,212,-24
237,9,,Cameron Brate,TB,TE28,7,139,340,236,32.7,311,74
238,10,,Adam Vinatieri,IND,K13,6,161,345,234.6,24.7,194,-44
239,10,,Rex Burkhead,NE,RB67,10,112,323,213,36.6,255,16
240,10,,Gus Edwards,BAL,RB68,8,144,370,224.8,38.3,275,35
241,10,,John Ross,CIN,WR87,9,145,313,221.7,33.1,284,43
242,10,,Frank Gore,BUF,RB69,6,128,303,224.9,31.8,258,16
243,10,,Tennessee (TEN),,DST17,11,167,314,226.6,23.2,222,-21
244,10,,Ty Montgomery,NYJ,RB70,4,124,330,217,54.4,242,-2
245,10,,Indianapolis (IND),,DST18,6,159,362,236.1,35.1,218,-27
246,10,,Jason Witten,DAL,TE29,8,125,291,226.7,37.6,197,-49
247,10,,Willie Snead,BAL,WR88,8,115,278,231,30.8,271,24
248,10,,Jason Myers,SEA,K14,11,152,336,240.4,25.4,216,-32
249,10,,Kansas City (KC),,DST19,12,167,345,239,31.8,189,-60
250,10,,Ryquell Armstead,JAC,RB71,10,128,320,234.3,38,274,24
251,10,,Eli Manning,NYG,QB30,11,133,364,255.2,35.9,239,-12
252,10,,J.J. Arcega-Whiteside,PHI,WR89,10,150,384,234.8,41.7,257,5
253,10,,Ian Thomas,CAR,TE30,7,160,347,243.6,36.8,267,14
254,10,,Antonio Callaway,CLE,WR90,7,139,341,232.8,40.7,288,34
255,10,,Josh Doctson,WAS,WR91,10,161,363,240.3,38.8,304,49
256,10,,Miles Boykin,BAL,WR92,8,122,359,230.4,56.9,289,33
257,10,,Carolina (CAR),,DST20,7,159,361,251,30,234,-23
258,10,,Danny Amendola,DET,WR93,5,129,325,240.2,37.5,260,2
259,10,,Graham Gano,CAR,K15,7,170,341,246.7,26.1,277,18
260,10,,Aldrick Rosas,NYG,K16,11,172,296,251.8,23.7,220,-40
261,10,,Ryan Fitzpatrick,MIA,QB31,5,150,363,265.8,38.3,301,40
262,10,,Josh Reynolds,LAR,WR94,9,181,365,255.2,37.1,396,134
263,10,,Chris Conley,JAC,WR95,10,155,324,250.9,37.2,420,157
264,10,,Chris Boswell,PIT,K17,7,178,339,264.2,26.3,228,-36
265,10,,Hayden Hurst,BAL,TE31,8,191,305,249.8,26.6,347,82
266,10,,Phillip Dorsett,NE,WR96,10,151,380,259.7,40.5,268,2
267,10,,Ricky Seals-Jones,ARI,TE32,12,147,351,255.1,36,374,107
268,10,,Ryan Succop,TEN,K18,11,177,348,266.1,28.2,265,-3
269,10,,T.J. Yeldon,BUF,RB72,6,182,395,257.8,39.8,261,-8
270,10,,Green Bay (GB),,DST21,11,139,383,261.2,35,221,-49
271,10,,Kenneth Dixon,BAL,RB73,8,120,394,254.3,48.2,339,68
272,10,,Keelan Cole,JAC,WR97,10,90,388,261.3,38.6,326,54
273,10,,Atlanta (ATL),,DST22,9,171,375,261.8,32.8,227,-46
274,10,,Elijah McGuire,NYJ,RB74,4,132,531,248.4,63.1,296,22
275,10,,Dan Bailey,MIN,K19,12,174,340,259.7,31.3,226,-49
276,10,,Terry McLaurin,WAS,WR98,10,93,354,237.6,48.1,325,49
277,10,,Brandon McManus,DEN,K20,10,179,324,272.2,25.7,231,-46
278,10,,Giorgio Tavecchio,ATL,K21,9,153,330,257.6,37.6,211,-67
279,10,,KeeSean Johnson,ARI,WR99,12,138,367,234.1,51.8,299,20
280,10,,Josh Lambo,JAC,K22,10,180,349,278.1,29.5,250,-30
281,10,,Josh Rosen,MIA,QB32,5,134,363,282.1,45.7,278,-3
282,10,,Breshad Perriman,TB,WR100,7,144,365,265.9,50,364,82
283,10,,Dwayne Haskins,WAS,QB33,10,137,556,277.5,52.5,230,-53
284,10,,Jalen Hurd,SF,WR101,4,127,350,251.6,44.5,236,-48
285,10,,Benny Snell Jr.,PIT,RB75,7,81,397,271.6,44,290,5
286,10,,Will Dissly,SEA,TE33,11,157,350,250.5,43.1,371,85
287,10,,Washington (WAS),,DST23,10,178,323,281,34.5,263,-24
288,10,,Arizona (ARI),,DST24,12,183,374,282.2,32.6,292,4
289,11,,Theo Riddick,DEN,RB76,10,187,422,266.8,38.4,360,71
290,11,,Detroit (DET),,DST25,5,188,392,290.2,32.8,247,-43
291,11,,Equanimeous St. Brown,GB,WR102,11,186,344,266.3,38.1,359,68
292,11,,Demaryius Thomas,NE,WR103,10,145,359,258.1,40.9,223,-69
293,11,,Case Keenum,WAS,QB34,10,118,361,288.5,33.8,344,51
294,11,,Corey Clement,PHI,RB77,10,208,381,275.6,32.7,333,39
295,11,,Steven Hauschka,BUF,K23,6,181,335,285.7,29.7,280,-15
296,11,,Greg Joseph,CLE,K24,7,185,350,279.9,35,338,42
297,11,,Chris Hogan,CAR,WR104,7,210,372,274.2,33.5,313,16
298,11,,New York (NYJ),,DST26,4,184,324,271,34.4,237,-61
299,11,,Dexter Williams,GB,RB78,11,121,401,267.2,49.2,322,23
300,11,,Dontrell Hilliard,CLE,RB79,7,101,386,256.5,53,283,-17
301,11,,Alfred Blue,JAC,RB80,10,184,363,277.1,34,306,5
302,11,,Taywan Taylor,TEN,WR105,11,200,381,276.4,37.4,426,124
303,11,,Diontae Johnson,PIT,WR106,7,179,375,271.7,40,356,53
304,11,,New York (NYG),,DST27,11,192,347,298,30.9,285,-19
305,11,,Daniel Carlson,OAK,K25,6,186,366,291,29.2,314,9
306,11,,Nick Vannett,SEA,TE34,11,181,351,274.8,32.4,443,137
307,11,,Doug Martin,OAK,RB81,6,181,396,262.6,35.4,307,0
308,11,,Cairo Santos,TB,K26,7,190,339,297.2,31.4,476,168
309,11,,Hunter Renfrow,OAK,WR107,6,162,361,262.7,54.4,276,-33
310,11,,Jordan Wilkins,IND,RB82,6,215,397,294,38.3,492,182
311,11,,Jordan Thomas,HOU,TE35,10,158,376,262.7,49.7,286,-25
312,11,,Damarea Crockett,HOU,RB83,10,160,368,250.1,50.3,363,51
313,11,,Jake Kumerow,GB,WR108,11,207,384,292,41.9,318,5
314,11,,Brian Hill,ATL,RB84,9,175,359,262.2,46.5,303,-11
315,11,,Daniel Jones,NYG,QB35,11,152,374,292.8,48.5,249,-66
316,11,,Preston Williams,MIA,WR109,5,93,379,252.9,59,254,-62
317,11,,Dare Ogunbowale,TB,RB85,7,136,401,234.1,58.2,256,-61
318,11,,Charles Clay,ARI,TE36,12,191,366,283.3,32.4,369,51
319,11,,Irv Smith Jr.,MIN,TE37,12,187,341,277.3,37,244,-75
320,11,,Jaron Brown,SEA,WR110,11,172,390,261.6,61.9,355,35
321,11,,Josh Adams,PHI,RB86,10,105,500,292.4,60.1,439,118
322,11,,Demarcus Robinson,KC,WR111,12,192,360,279.5,40.1,302,-20
323,11,,Matt LaCosse,NE,TE38,10,139,345,267.9,45.6,269,-54
324,11,,Devontae Booker,DEN,RB87,10,225,399,301.6,32.5,327,3
325,11,,Geoff Swaim,JAC,TE39,10,174,348,259.7,47.4,332,7
326,11,,San Francisco (SF),,DST28,4,189,347,300.7,30.3,229,-97
327,11,,Qadree Ollison,ATL,RB88,9,192,400,290.5,42.4,330,3
328,11,,Travis Benjamin,LAC,WR112,12,150,386,256.2,51.8,343,15
329,11,,Deon Cain,IND,WR113,6,180,378,285.3,46.8,336,7
330,11,,Cordarrelle Patterson,CHI,WR114,6,211,369,287.7,35.1,349,19
331,11,,Benjamin Watson,NE,TE40,10,173,369,266.5,40.1,240,-91
332,11,,Wayne Gallman,NYG,RB89,11,171,402,302.9,32,312,-20
333,11,,Jonnu Smith,TEN,TE41,11,142,360,288.1,44.2,425,92
334,11,,Jakobi Meyers,NE,WR115,10,123,364,268,56.2,287,-47
335,11,,Michael Crabtree,ARI,WR116,12,154,386,249.8,55.5,309,-26
336,11,,Dustin Hopkins,WAS,K27,10,191,365,308.4,23.9,279,-57
337,11,,Wendell Smallwood,PHI,RB90,10,242,543,314.6,51.1,437,100
338,11,,Keith Kirkwood,NO,WR117,9,230,396,294.5,37.7,571,233
339,11,,Cameron Artis-Payne,CAR,RB91,7,146,404,313.8,28,352,13
340,11,,D'Onta Foreman,FA,RB92,,115,330,239.3,55.2,300,-40
341,11,,Bilal Powell,NYJ,RB93,4,201,373,303.1,37.5,335,-6
342,11,,Ryan Tannehill,TEN,QB36,11,225,410,312.4,40.4,421,79
343,11,,Miami (MIA),,DST29,5,219,346,305,32.1,273,-70
344,11,,Mike Weber,DAL,RB94,8,221,747,324.8,83.3,337,-7
345,11,,Trent Taylor,SF,WR118,4,197,349,285.1,42.4,"1,038.00",693
346,11,,Tampa Bay (TB),,DST30,7,223,355,304.2,32.7,321,-25
347,11,,John Kelly,LAR,RB95,9,251,518,320.4,48,615,268
348,11,,Vernon Davis,WAS,TE42,10,191,378,294,46.5,388,40
349,11,,C.J. Uzomah,CIN,TE43,9,198,381,288.4,39.9,323,-26
350,11,,Blake Jarwin,DAL,TE44,8,180,363,283.3,47.4,353,3
351,12,,Myles Gaskin,MIA,RB96,5,149,406,324.5,31,417,66
352,12,,Ryan Grant,OAK,WR119,6,210,378,306.4,36.4,825,473
353,12,,Spencer Ware,IND,RB97,6,208,407,307.8,42.2,457,104
354,12,,Justin Watson,TB,WR120,7,205,375,288.5,48.2,561,207
355,12,,Matt Bryant,FA,K28,,190,353,261.7,44.2,315,-40
356,12,,Trayveon Williams,CIN,RB98,9,239,411,325.4,34.6,370,14
357,12,,Jesse James,DET,TE45,5,198,382,297.3,50.3,293,-64
358,12,,Josh Oliver,JAC,TE46,10,164,387,307.7,45.3,551,193
359,12,,Dawson Knox,BUF,TE47,6,184,384,296.4,48.2,"1,039.00",680
360,12,,Alfred Morris,DAL,RB99,8,166,437,310.9,54.8,305,-55
361,12,,Jake Butt,DEN,TE48,10,249,381,308.3,34.1,379,18
362,12,,Darren Sproles,PHI,RB100,10,233,409,287.1,42.8,372,10
363,12,,Tim Patrick,DEN,WR121,10,198,376,311.6,46.7,499,136
364,12,,Adam Shaheen,CHI,TE49,6,189,376,320,39.6,564,200
365,12,,Tyler Higbee,LAR,TE50,9,235,371,321.7,38.5,341,-24
366,12,,Ty Johnson,DET,RB101,5,156,410,274.8,60.7,401,35
367,12,,Rod Smith,NYG,RB102,11,235,490,335.5,42.7,"1,035.00",668
368,12,,Jace Sternberger,GB,TE51,11,239,380,303.4,38.4,350,-18
369,12,,Bruce Anderson,TB,RB103,7,192,668,328.8,78.1,377,8
370,12,,Chad Beebe,MIN,WR122,12,201,382,309.1,47,380,10
371,12,,Ryan Switzer,PIT,WR123,7,219,397,310.4,51.7,445,74
372,12,,Cameron Meredith,NE,WR124,10,240,642,331.4,84.2,960,588
373,12,,Andre Ellington,TB,RB104,7,223,421,311.7,49.4,"1,040.00",667
374,12,,Cody Latimer,NYG,WR125,11,160,366,305,46.4,771,397
375,12,,Kendrick Bourne,SF,WR126,4,244,392,322,30.8,454,79
376,12,,Darrel Williams,KC,RB105,12,185,413,317.9,43.7,351,-25
377,12,,J'Mon Moore,GB,WR127,11,241,385,318.9,32.6,808,431
378,12,,Mike Boone,MIN,RB106,12,189,416,302.6,46.3,549,171
379,12,,Chris Moore,BAL,WR128,8,209,366,294.9,41.2,345,-34
380,12,,Zane Gonzalez,ARI,K29,12,232,346,323.7,15.6,324,-56
381,12,,Zach Zenner,FA,RB107,,238,448,337.1,34.8,458,77
382,12,,Jordan Scarlett,CAR,RB108,7,156,440,311.4,67.7,404,22
383,12,,Luke Willson,OAK,TE52,6,270,388,315.5,34.3,851,468
384,12,,Cincinnati (CIN),,DST31,9,238,355,311.2,25,342,-42
385,12,,Chester Rogers,IND,WR129,6,235,387,322.3,33.2,466,81
386,12,,Karan Higdon,HOU,RB109,10,145,589,278.8,105.1,366,-20
387,12,,Rodney Anderson,CIN,RB110,9,238,470,320.3,62.6,328,-59
388,12,,Kelvin Harmon,WAS,WR130,10,206,370,320.4,35.7,348,-40
389,12,,Gary Jennings,SEA,WR131,11,265,389,321.5,39,797,408
390,12,,Mark Walton,MIA,RB111,5,213,418,316.3,46.6,545,155
391,12,,Kahale Warring,HOU,TE53,10,228,383,322.3,39.7,801,410
392,12,,Jakeem Grant,MIA,WR132,5,213,371,331.7,36.4,408,16
393,12,,Chandler Catanzaro,FA,K30,,193,333,306.9,25,354,-39
394,12,,Eddy Pineiro,CHI,K31,6,225,353,311.1,33.9,316,-78
395,12,,Ameer Abdullah,MIN,RB112,12,265,508,344.5,52.7,414,19
396,12,,Jay Ajayi,FA,RB113,,190,363,290.8,51.5,233,-163
397,12,,Bryce Love,WAS,RB114,10,211,393,331.8,38.3,392,-5
398,12,,Jeff Wilson,SF,RB115,4,263,485,344.8,49.3,512,114
399,12,,Taysom Hill,NO,QB37,9,244,450,325.1,49.2,319,-80
400,12,,Drew Lock,DEN,QB38,10,225,378,335.6,38.8,489,89
401,12,,Tyler Kroft,BUF,TE54,6,221,377,329,41.7,"1,031.00",630
402,12,,Randy Bullock,CIN,K32,9,263,353,318.8,17.2,464,62
403,12,,Maurice Harris,FA,WR133,,247,479,337.4,61,382,-21
404,12,,Dontrelle Inman,LAC,WR134,12,257,414,326.2,46.5,824,420
405,12,,Trenton Cannon,NYJ,RB116,4,256,549,349.9,65.5,833,428
406,12,,Riley Ridley,CHI,WR135,6,232,393,331.9,38.3,334,-72
407,12,,Darius Slayton,NYG,WR136,11,193,388,320,47.7,548,141
408,12,,Laquon Treadwell,MIN,WR137,12,226,385,322,40.1,433,25
409,12,,Jarius Wright,CAR,WR138,7,204,380,327.9,35.1,467,58
410,12,,Blake Bortles,LAR,QB39,9,246,447,344.1,42.9,375,-35
411,12,,Damion Willis,CIN,WR139,9,184,271,232.2,29.2,357,-54
412,13,,Josh Hill,NO,TE55,9,293,391,350.4,31.7,411,-1
413,13,,Jordan Akins,HOU,TE56,10,246,391,326.3,47.3,557,144
414,13,,Mo Alie-Cox,IND,TE57,6,258,457,332.3,55.9,654,240
415,13,,Oakland (OAK),,DST32,6,272,355,333.3,23.3,295,-120
416,13,,Matt Gay,TB,K33,7,217,343,264.8,46.2,282,-134
417,13,,Jeff Heuerman,DEN,TE58,10,200,386,349.4,38.2,866,449
418,13,,Travis Homer,SEA,RB117,11,212,398,300.2,55.6,637,219
419,13,,DeAndre Washington,OAK,RB118,6,245,422,323.7,59.3,479,60
420,13,,Demetrius Harris,CLE,TE59,7,261,391,324.4,48.2,423,3
421,13,,Jason Sanders,MIA,K34,5,310,342,326.9,11.8,310,-111
422,13,,Cody Parkey,FA,K35,,218,325,283,36.7,381,-41
423,13,,Elijah Holyfield,CAR,RB119,7,182,678,354.3,161.2,329,-94
424,13,,J.J. Nelson,OAK,WR140,6,293,369,339.3,20.4,493,69
425,13,,Allen Hurns,MIA,WR141,5,260,409,357.4,44.8,730,305
426,13,,Jacob Hollister,SEA,TE60,11,247,420,326.2,70.4,541,115
427,13,,Jason Croom,BUF,TE61,6,267,379,303.6,39.4,935,508
428,13,,Raheem Mostert,SF,RB120,4,268,525,365.1,80.9,362,-66
429,13,,Foster Moreau,OAK,TE62,6,279,355,316.4,28.8,705,276
430,13,,Dwayne Allen,MIA,TE63,5,210,381,316.6,63.8,716,286
431,13,,Jordan Matthews,SF,WR142,4,277,395,355.9,28.7,470,39
432,13,,Kyle Juszczyk,SF,RB121,4,231,430,341.5,50.6,453,21
433,13,,Austin Seferian-Jenkins,FA,TE64,,211,246,231.3,14.8,596,163
434,13,,Greg Dortch,NYJ,WR143,4,235,730,375.2,185,693,259
435,13,,Justin Hardy,ATL,WR144,9,280,377,358.6,25.3,589,154
436,13,,Nick Mullens,SF,QB40,4,245,596,352,126,"1,023.00",587
437,13,,Blake Bell,KC,TE65,12,283,425,345.7,51.6,391,-46
438,13,,Josh Ferguson,HOU,RB122,10,225,431,325,77.2,"1,036.00",598
439,13,,Torrey Smith,CAR,WR145,7,302,374,346.5,24.2,673,234
440,13,,J.D. McKissic,SEA,RB123,11,274,656,391.4,115.1,"1,034.00",594
441,13,,Isaiah McKenzie,BUF,WR146,6,202,399,301,73.6,484,43
442,13,,Seth Roberts,BAL,WR147,8,275,379,332.2,38.4,472,30
443,13,,Xavier Grimble,PIT,TE66,7,252,421,333.4,65.3,451,8
444,13,,Mack Hollins,PHI,WR148,10,284,348,304.8,25.8,670,226
445,13,,Tavon Austin,DAL,WR149,8,285,392,336,36.5,340,-105
446,13,,Alex Barnes,TEN,RB124,11,281,463,359.2,69.1,522,76
447,13,,Brandon Powell,DET,WR150,5,275,373,340,37.1,663,216
448,13,,Devine Ozigbo,NO,RB125,9,290,759,410.2,162.4,428,-20
449,13,,Alex Collins,FA,RB126,,194,328,268.3,55.7,435,-14
450,13,,Rhett Ellison,NYG,TE67,11,277,384,342,42.6,508,58
451,13,,James O'Shaughnessy,JAC,TE68,10,290,385,360.8,26.8,498,47
452,13,,Emmanuel Butler,NO,WR151,9,261,385,347,28.3,855,403
453,13,,Austin Seibert,CLE,K36,7,231,326,281.7,39,294,-159
454,13,,Virgil Green,LAC,TE69,12,312,384,352,27.9,495,41
455,13,,Javorius Allen,FA,RB127,,313,357,329,17.2,731,276
456,13,,Marcus Murphy,BUF,RB128,6,313,466,373,57,933,477
457,13,,Josh Malone,CIN,WR152,9,261,400,331.3,50,684,227
458,13,,Nick Boyle,BAL,TE70,8,234,427,336.3,69.3,619,161
459,13,,Buddy Howell,HOU,RB129,10,175,648,385.5,177.7,393,-66
460,13,,Dan Arnold,NO,TE71,9,326,399,360.6,25.8,559,99
461,13,,Ed Dickson,SEA,TE72,11,300,410,363.4,36.7,594,133
462,13,,Maxx Williams,ARI,TE73,12,279,428,341.8,54.9,577,115
463,13,,Scott Miller,TB,WR153,7,290,375,342,32.7,864,401
464,13,,C.J. Prosise,SEA,RB130,11,199,488,351,116.5,583,119
465,13,,Taylor Bertolet,NYJ,K37,4,278,348,306,30.2,416,-49
466,13,,Ryan Griffin,NYJ,TE74,4,301,449,364.4,50.2,513,47
467,13,,Alex Erickson,CIN,WR154,9,311,379,366.8,11.8,580,113
468,13,,Eli Rogers,PIT,WR155,7,330,370,347.3,14.4,519,51
469,13,,Tajae Sharpe,TEN,WR156,11,289,346,312.7,24.3,477,8
470,13,,LeGarrette Blount,FA,RB131,,316,438,349.8,51.1,400,-70
471,13,,DeAndre Carter,HOU,WR157,10,292,331,317,17.7,452,-19
472,13,,Will Grier,CAR,QB41,7,320,384,352,27.9,560,88
473,13,,Bennie Fowler,NYG,WR158,11,309,332,319.3,9.5,643,170
474,13,,Paul Perkins,NYG,RB132,11,269,443,374.2,65.3,413,-61
475,13,,Marcell Ateman,OAK,WR159,6,317,404,355,33.9,724,249
476,13,,Luke Stocker,ATL,TE75,9,236,370,324.3,62.5,759,283
477,13,,Darius Jackson,DAL,RB133,8,293,462,362.5,66.5,387,-90
478,13,,Garrett Celek,SF,TE76,4,338,429,379.4,30.5,655,177
479,13,,Nick O'Leary,MIA,TE77,5,296,360,332,26.7,632,153
480,13,,Noah Brown,DAL,WR160,8,290,366,335.7,32.9,661,181
481,13,,Russell Shepard,NYG,WR161,11,315,368,336.3,22.8,410,-71
482,13,,Dez Bryant,FA,WR162,,260,298,279,19,298,-184
483,13,,Pierre Garcon,FA,WR163,,265,302,283.5,18.5,554,71
484,13,,Emanuel Hall,TB,WR164,7,289,707,432.8,163.8,378,-106
485,13,,Dwayne Washington,NO,RB134,9,366,444,388.8,28.3,566,81
486,13,,Jeremy McNichols,TEN,RB135,11,296,445,347.7,68.9,796,310
487,13,,Josh Bellamy,NYJ,WR165,4,323,379,348.3,23.2,756,269
488,13,,Juwann Winfree,DEN,WR166,10,321,368,350.7,21.1,733,245
489,13,,Trent Sherfield,ARI,WR167,12,288,624,409.3,152.2,750,261
490,13,,Andre Roberts,BUF,WR168,6,291,315,303,12,573,83
491,13,,Lee Smith,BUF,TE78,6,289,443,379.3,60.3,821,330
492,13,,Anthony Johnson,TB,WR169,7,244,719,445,200.7,,
493,13,,Corey Grant,FA,RB136,,285,335,310,25,910,417
494,13,,Tyrod Taylor,LAC,QB42,12,305,458,360.7,69.1,582,88
495,13,,Jazz Ferguson,SEA,WR170,11,278,715,448.3,191,373,-122
496,13,,Byron Pringle,KC,WR171,12,344,673,439.3,135.5,507,11
497,13,,Benny Cunningham,FA,RB137,,310,325,317.5,7.5,"1,033.00",536
498,13,,Auden Tate,CIN,WR172,9,322,582,409.7,121.9,791,293
499,13,,Logan Paulsen,ATL,TE79,9,360,434,400.8,32.1,649,150
500,13,,Austin Carr,NO,WR173,9,362,372,367,4.1,528,28
501,13,,Chris Ivory,FA,RB138,,320,330,325,5,511,10
502,13,,David Sills,BUF,WR174,6,264,683,444.7,175.8,,
503,13,,Lil'Jordan Humphrey,NO,WR175,9,266,520,391.3,103.7,441,-62
504,13,,CJ Ham,MIN,RB139,12,351,382,370,13.6,558,54
505,13,,T.J. Logan,ARI,RB140,12,349,434,391.8,30.1,800,295
506,13,,D'Ernest Johnson,CLE,RB141,7,237,450,372.3,96,,
507,13,,Deontay Burnett,NYJ,WR176,4,299,369,334,35,595,88
508,13,,Kevin White,FA,WR177,,304,643,437.3,147.5,565,57
509,13,,Brett Hundley,ARI,QB43,12,330,425,374,39.1,613,104
510,13,,Brice Butler,MIA,WR178,5,268,692,454.3,176.9,629,119
511,14,,Trevon Wesco,NYJ,TE80,4,326,350,338,12,671,160
512,14,,Stephen Anderson,NE,TE81,10,337,451,376.3,52.8,727,215
513,14,,Braxton Berrios,NE,WR179,10,324,354,339,15,536,23
514,14,,Richie James,SF,WR180,4,351,409,378,23.8,657,143
515,14,,Elijhaa Penny,NYG,RB142,11,342,345,343.5,1.5,618,103
516,14,,Detrez Newsome,LAC,RB143,12,286,408,347,61,640,124
517,14,,James Develin,NE,RB144,10,342,361,351.5,9.5,346,-171
518,14,,Vyncint Smith,HOU,WR181,10,334,371,352.5,18.5,898,380
519,14,,Ryan Finley,CIN,QB44,9,321,387,354,33,704,185
520,14,,Damion Ratley,CLE,WR182,7,324,389,356.5,32.5,687,167
521,14,,Zach Pascal,IND,WR183,6,349,368,358.5,9.5,497,-24
522,14,,Ishmael Hyman,CLE,WR184,7,332,641,454.3,134.1,,
523,14,,Damiere Byrd,ARI,WR185,12,361,364,362.5,1.5,736,213
524,14,,Cody Core,CIN,WR186,9,361,364,362.5,1.5,817,293
525,14,,Antoine Wesley,BAL,WR187,8,277,770,523.5,246.5,990,465
526,14,,Zach Line,NO,RB145,9,349,382,365.5,16.5,611,85
527,14,,Kaden Smith,SF,TE82,4,279,613,446,167,685,158
528,14,,C.J. Conrad,NYG,TE83,11,280,529,404.5,124.5,701,173
529,14,,Teddy Bridgewater,NO,QB45,9,355,573,435.7,97.6,480,-49
530,14,,Darren Fells,HOU,TE84,10,318,447,395.7,55.9,766,236
531,14,,Jordan Lasley,DET,WR188,5,301,775,538,237,537,6
532,14,,Zach Gentry,PIT,TE85,7,360,442,405.7,34.1,490,-42
533,14,,Drew Sample,CIN,TE86,9,379,467,421,34.5,744,211
534,14,,Reggie Bonnafon,CAR,RB146,7,314,570,442,128,515,-19
535,14,,Robert Griffin,BAL,QB46,8,348,419,383.5,35.5,405,-130
536,14,,Chad Williams,ARI,WR189,12,342,652,474.3,130.6,575,39
537,14,,Jonathan Williams,IND,RB147,6,322,561,441.5,119.5,"1,029.00",492
538,14,,Dalton Schultz,DAL,TE87,8,335,623,465.7,119.1,500,-38
539,14,,Ross Travis,IND,TE88,6,325,571,448,123,884,345
540,14,,Anthony Sherman,KC,RB148,12,384,396,390,6,521,-19
541,14,,Charles Johnson,PHI,WR190,10,332,649,490.5,158.5,986,445
542,14,,Eric Tomlinson,NYJ,TE89,4,333,635,484,151,667,125
543,14,,Logan Thomas,DET,TE90,5,357,429,393,36,927,384
544,14,,Matt Schaub,ATL,QB47,9,334,588,461,127,658,114
545,14,,Aldrick Robinson,CAR,WR191,7,336,476,406,70,501,-44
546,14,,Jacquizz Rodgers,NO,RB149,9,336,545,440.5,104.5,598,52
547,14,,Marvin Hall,CHI,WR192,6,338,505,421.5,83.5,895,348
548,14,,Chris Warren III,FA,RB150,,340,504,422,82,826,278
549,14,,Jeremy Sprinkle,WAS,TE91,10,380,441,416,26.1,563,14
550,14,,Stanley Morgan Jr.,CIN,WR193,9,347,632,489.5,142.5,,
551,14,,David Fluellen,TEN,RB151,11,389,411,400,11,820,269
552,14,,Andy Janovich,DEN,RB152,10,393,407,400,7,723,171
553,14,,Keelan Doss,OAK,WR194,6,349,521,435,86,538,-15
554,14,,Javon Wims,CHI,WR195,6,353,743,548,195,574,20
555,14,,Daurice Fountain,IND,WR196,6,354,778,566,212,815,260
556,14,,Matt Barkley,BUF,QB48,6,357,493,425,68,397,-159
557,14,,Anthony Firkser,TEN,TE92,11,416,442,426.3,11.3,769,212
558,14,,Chase Daniel,CHI,QB49,6,377,511,444,67,642,84
559,14,,Charcandrick West,IND,RB153,6,378,611,494.5,116.5,793,234
560,14,,Kenjon Barner,ATL,RB154,9,388,444,416,28,745,185
561,14,,Darius Jennings,TEN,WR197,11,380,644,512,132,940,379
562,14,,Kenneth Farrow,MIA,RB155,5,382,686,534,152,976,414
563,14,,Roc Thomas,FA,RB156,,387,494,440.5,53.5,846,283
564,14,,DeShone Kizer,GB,QB50,11,387,616,501.5,114.5,544,-20
565,14,,Jordan Leggett,TB,TE93,7,424,446,432,9.9,810,245
566,14,,D.J. Foster,ARI,RB157,12,392,536,464,72,662,96
567,14,,Clive Walford,FA,TE94,,392,676,534,142,957,390
568,14,,Levine Toilolo,SF,TE95,4,393,453,432.7,28.1,579,11
569,14,,Marcedes Lewis,GB,TE96,11,394,499,446.5,52.5,592,23
570,14,,Derek Carrier,OAK,TE97,6,395,454,424.5,29.5,576,6
571,14,,Sean Culkin,LAC,TE98,12,396,538,467,71,813,242
572,14,,Tyler Conklin,NE,TE99,10,400,482,441,41,682,110
573,14,,Jordan Taylor,FA,WR198,,405,477,441,36,692,119
574,15,,Seth DeValve,CLE,TE100,7,416,487,450.3,29,703,129
575,15,,Derek Watt,LAC,RB158,12,413,461,437,24,430,-145
576,15,,Scott Simonson,NYG,TE101,11,420,478,449,29,920,344
577,15,,Troy Fumagalli,DEN,TE102,10,423,657,540,117,772,195
578,15,,Antony Auclair,TB,TE103,7,425,572,498.5,73.5,911,333
579,15,,Chris Manhertz,CAR,TE104,7,428,557,492.5,64.5,754,175
